1.385889,0.000000,49.784000,0.600000,1.073223,-1.684915,2.000000
2.765778,0.000000,49.568000,0.600000,1.657132,-0.148041,2.000000
4.139667,0.000000,49.352000,0.600000,3.305586,3.204847,2.000000
5.507556,0.000000,49.136000,0.600000,3.507438,0.179192,2.000000
6.869444,0.000000,48.920000,0.600000,3.333519,-1.482519,2.000000
8.225333,0.000000,48.704000,0.600000,7.395431,1.244789,2.000000
9.575222,0.000000,48.488000,0.600000,8.488975,0.068168,2.000000
10.919111,0.000000,48.272000,0.600000,11.396581,0.168812,2.000000
12.257000,0.000000,48.056000,0.600000,10.703307,0.680383,2.000000
13.588889,0.000000,47.840000,0.600000,14.943120,-1.762539,2.000000
14.914778,0.000000,47.624000,0.600000,15.377077,1.721102,2.000000
16.234667,0.000000,47.408000,0.600000,12.682422,-4.530128,2.000000
17.548556,0.000000,47.192000,0.600000,15.138602,-1.443801,2.000000
18.856444,0.000000,46.976000,0.600000,17.273445,3.023500,2.000000
20.158333,0.000000,46.760000,0.600000,19.524728,-0.289032,2.000000
21.454222,0.000000,46.544000,0.600000,21.616289,2.269486,2.000000
22.744111,0.000000,46.328000,0.600000,20.816004,-0.704412,2.000000
24.028000,0.000000,46.112000,0.600000,25.260580,3.089397,2.000000
25.305889,0.000000,45.896000,0.600000,24.088424,1.184087,2.000000
26.577778,0.000000,45.680000,0.600000,25.245001,-0.588874,2.000000
27.843667,0.000000,45.464000,0.600000,27.203988,0.582450,2.000000
29.103556,0.000000,45.248000,0.600000,29.386920,0.102959,2.000000
30.357444,0.000000,45.032000,0.600000,31.897182,-2.081948,2.000000
31.605333,0.000000,44.816000,0.600000,32.769891,1.832115,2.000000
32.847222,0.000000,44.600000,0.600000,32.728326,-1.259933,2.000000
34.083111,0.000000,44.384000,0.600000,32.185326,-0.574683,2.000000
35.313000,0.000000,44.168000,0.600000,34.522494,0.866757,2.000000
36.536889,0.000000,43.952000,0.600000,36.905378,0.191752,2.000000
37.754778,0.000000,43.736000,0.600000,37.221864,-0.773532,2.000000
38.966667,0.000000,43.520000,0.600000,37.564333,-0.093972,2.000000
40.172556,0.000000,43.304000,0.600000,39.253732,1.505922,2.000000
41.372444,0.000000,43.088000,0.600000,41.285922,0.080056,2.000000
42.566333,0.000000,42.872000,0.600000,41.956464,0.466753,2.000000
43.754222,0.000000,42.656000,0.600000,42.992073,-2.070037,2.000000
44.936111,0.000000,42.440000,0.600000,44.409396,0.378227,2.000000
46.112000,0.000000,42.224000,0.600000,45.848910,-2.796858,2.000000
47.281889,0.000000,42.008000,0.600000,47.670460,-3.431086,2.000000
48.445778,0.000000,41.792000,0.600000,46.930904,1.737691,2.000000
49.603667,0.000000,41.576000,0.600000,48.726621,0.315791,2.000000
50.755556,0.000000,41.360000,0.600000,50.640843,-0.462174,2.000000
51.901444,0.000000,41.144000,0.600000,50.877977,-1.277236,2.000000
53.041333,0.000000,40.928000,0.600000,53.878677,1.723910,2.000000
54.175222,0.000000,40.712000,0.600000,54.146202,-0.011061,2.000000
55.303111,0.000000,40.496000,0.600000,54.019019,-1.399823,2.000000
56.425000,0.000000,40.280000,0.600000,52.597717,-0.589865,2.000000
57.540889,0.000000,40.064000,0.600000,58.035312,-2.657951,2.000000
58.650778,0.000000,39.848000,0.600000,58.575179,-2.183587,2.000000
59.754667,0.000000,39.632000,0.600000,57.987029,-2.952370,2.000000
60.852556,0.000000,39.416000,0.600000,60.479941,-1.032758,2.000000
61.944444,0.000000,39.200000,0.600000,61.172359,-1.402696,2.000000
63.030333,0.000000,38.984000,0.600000,62.533480,-1.329788,2.000000
64.110222,0.000000,38.768000,0.600000,61.760580,-0.810309,2.000000
65.184111,0.000000,38.552000,0.600000,63.403365,0.426119,2.000000
66.252000,0.000000,38.336000,0.600000,66.077374,0.782382,2.000000
67.313889,0.000000,38.120000,0.600000,66.903402,-1.687536,2.000000
68.369778,0.000000,37.904000,0.600000,66.407504,-2.105056,2.000000
69.419667,0.000000,37.688000,0.600000,67.768650,-4.119792,2.000000
70.463556,0.000000,37.472000,0.600000,69.083555,-3.931896,2.000000
71.501444,0.000000,37.256000,0.600000,68.923202,-0.153785,2.000000
72.533333,0.000000,37.040000,0.600000,70.585192,0.824548,2.000000
73.559222,0.000000,36.824000,0.600000,73.725947,-2.920089,2.000000
74.579111,0.000000,36.608000,0.600000,74.756686,-2.745443,2.000000
75.593000,0.000000,36.392000,0.600000,74.566941,-2.274209,2.000000
76.600889,0.000000,36.176000,0.600000,76.720234,-0.479684,2.000000
77.602778,0.000000,35.960000,0.600000,78.424554,-2.876181,2.000000
78.598667,0.000000,35.744000,0.600000,78.389506,0.327801,2.000000
79.588556,0.000000,35.528000,0.600000,79.201270,-0.841964,2.000000
80.572444,0.000000,35.312000,0.600000,80.711478,-2.451037,2.000000
81.550333,0.000000,35.096000,0.600000,82.975677,-0.063202,2.000000
82.522222,0.000000,34.880000,0.600000,78.877909,-1.762456,2.000000
83.488111,0.000000,34.664000,0.600000,81.373636,-0.260907,2.000000
84.448000,0.000000,34.448000,0.600000,85.629257,-2.357266,2.000000
85.401889,0.000000,34.232000,0.600000,84.703090,-1.869916,2.000000
86.349778,0.000000,34.016000,0.600000,87.631570,1.024626,2.000000
87.291667,0.000000,33.800000,0.600000,85.283896,-3.073119,2.000000
88.227556,0.000000,33.584000,0.600000,87.577079,-2.188723,2.000000
89.157444,0.000000,33.368000,0.600000,90.182501,0.712775,2.000000
90.081333,0.000000,33.152000,0.600000,88.425298,-2.617798,2.000000
90.999222,0.000000,32.936000,0.600000,87.350473,-0.463979,2.000000
91.911111,0.000000,32.720000,0.600000,89.756725,-0.239343,2.000000
92.817000,0.000000,32.504000,0.600000,91.747252,0.410091,2.000000
93.716889,0.000000,32.288000,0.600000,93.282735,-3.048258,2.000000
94.610778,0.000000,32.072000,0.600000,92.264096,-0.360510,2.000000
95.498667,0.000000,31.856000,0.600000,93.839415,-0.183135,2.000000
96.380556,0.000000,31.640000,0.600000,94.021492,-1.199670,2.000000
97.256444,0.000000,31.424000,0.600000,94.929621,-0.338511,2.000000
98.126333,0.000000,31.208000,0.600000,98.290730,-1.119507,2.000000
98.990222,0.000000,30.992000,0.600000,97.364761,-0.799087,2.000000
99.848111,0.000000,30.776000,0.600000,99.119284,-2.317952,2.000000
100.700000,0.000000,30.560000,0.600000,99.863740,-0.646746,2.000000
101.545889,0.000000,30.344000,0.600000,101.575317,-0.350705,2.000000
102.385778,0.000000,30.128000,0.600000,100.761852,1.252530,2.000000
103.219667,0.000000,29.912000,0.600000,104.656408,0.648041,2.000000
104.047556,0.000000,29.696000,0.600000,103.130790,-0.686534,2.000000
104.869444,0.000000,29.480000,0.600000,103.384433,2.457196,2.000000
105.685333,0.000000,29.264000,0.600000,103.523995,0.598341,2.000000
106.495222,0.000000,29.048000,0.600000,106.318701,0.957997,2.000000
107.299111,0.000000,28.832000,0.600000,106.601768,-1.098303,2.000000
108.097000,0.000000,28.616000,0.600000,106.861327,0.667861,2.000000
108.888889,0.000000,28.400000,0.600000,108.594345,-0.784033,2.000000
109.674778,0.000000,28.184000,0.600000,108.290041,-2.411875,2.000000
110.454667,0.000000,27.968000,0.600000,109.905505,-0.848590,2.000000
111.228556,0.000000,27.752000,0.600000,108.614002,-1.623626,2.000000
111.996444,0.000000,27.536000,0.600000,112.740105,-1.623192,2.000000
112.758333,0.000000,27.320000,0.600000,110.619197,-2.545774,2.000000
113.514222,0.000000,27.104000,0.600000,111.739257,0.861186,2.000000
114.264111,0.000000,26.888000,0.600000,113.591679,-1.069993,2.000000
115.008000,0.000000,26.672000,0.600000,115.683497,-2.252589,2.000000
115.745889,0.000000,26.456000,0.600000,118.033749,1.398208,2.000000
116.477778,0.000000,26.240000,0.600000,115.469650,-0.229201,2.000000
117.203667,0.000000,26.024000,0.600000,117.585925,0.398192,2.000000
117.923556,0.000000,25.808000,0.600000,117.718032,-0.859134,2.000000
118.637444,0.000000,25.592000,0.600000,116.151050,-1.724359,2.000000
119.345333,0.000000,25.376000,0.600000,118.194828,2.090678,2.000000
120.047222,0.000000,25.160000,0.600000,117.240714,-1.621559,2.000000
120.743111,0.000000,24.944000,0.600000,120.879402,-0.604639,2.000000
121.433000,0.000000,24.728000,0.600000,122.698513,-1.451224,2.000000
122.116889,0.000000,24.512000,0.600000,121.278827,-1.120619,2.000000
122.794778,0.000000,24.296000,0.600000,123.361743,-3.125160,2.000000
123.466667,0.000000,24.080000,0.600000,123.598955,-1.419657,2.000000
124.132556,0.000000,23.864000,0.600000,124.423974,-1.655547,2.000000
124.792444,0.000000,23.648000,0.600000,123.905856,-2.298218,2.000000
125.446333,0.000000,23.432000,0.600000,124.860507,-4.654160,2.000000
126.094222,0.000000,23.216000,0.600000,124.791945,0.109049,2.000000
126.736111,0.000000,23.000000,0.600000,127.510592,0.536906,2.000000
127.372000,0.000000,22.784000,0.600000,125.127065,-0.255277,2.000000
128.001889,0.000000,22.568000,0.600000,126.992529,-0.441806,2.000000
128.625778,0.000000,22.352000,0.600000,128.096110,0.833611,2.000000
129.243667,0.000000,22.136000,0.600000,131.324024,-0.872101,2.000000
129.855556,0.000000,21.920000,0.600000,128.695335,-1.732966,2.000000
130.461444,0.000000,21.704000,0.600000,130.497171,-2.329313,2.000000
131.061333,0.000000,21.488000,0.600000,129.728168,-2.342093,2.000000
131.655222,0.000000,21.272000,0.600000,131.652982,-0.763196,2.000000
132.243111,0.000000,21.056000,0.600000,132.976214,-2.009025,2.000000
132.825000,0.000000,20.840000,0.600000,132.432535,-4.001372,2.000000
133.400889,0.000000,20.624000,0.600000,134.408544,-1.518142,2.000000
133.970778,0.000000,20.408000,0.600000,132.178651,0.226635,2.000000
134.534667,0.000000,20.192000,0.600000,130.660259,-0.298593,2.000000
135.092556,0.000000,19.976000,0.600000,133.570838,1.005777,2.000000
135.644444,0.000000,19.760000,0.600000,135.508510,1.077567,2.000000
136.190333,0.000000,19.544000,0.600000,135.062559,-1.299020,2.000000
136.730222,0.000000,19.328000,0.600000,134.951328,0.212556,2.000000
137.264111,0.000000,19.112000,0.600000,134.913660,0.952442,2.000000
137.792000,0.000000,18.896000,0.600000,136.498495,-0.159433,2.000000
138.313889,0.000000,18.680000,0.600000,136.809934,-1.546295,2.000000
138.829778,0.000000,18.464000,0.600000,134.682818,-0.380174,2.000000
139.339667,0.000000,18.248000,0.600000,137.308698,0.414686,2.000000
139.843556,0.000000,18.032000,0.600000,138.562606,0.431026,2.000000
140.341444,0.000000,17.816000,0.600000,141.328222,-2.541083,2.000000
140.833333,0.000000,17.600000,0.600000,141.887939,-1.531796,2.000000
141.319222,0.000000,17.384000,0.600000,140.549077,-2.544803,2.000000
141.799111,0.000000,17.168000,0.600000,142.510229,0.347749,2.000000
142.273000,0.000000,16.952000,0.600000,140.299939,2.042871,2.000000
142.740889,0.000000,16.736000,0.600000,143.356328,-3.192624,2.000000
143.202778,0.000000,16.520000,0.600000,144.115750,-1.406883,2.000000
143.658667,0.000000,16.304000,0.600000,141.916505,1.422762,2.000000
144.108556,0.000000,16.088000,0.600000,145.031098,-2.935099,2.000000
144.552444,0.000000,15.872000,0.600000,145.376640,-1.757517,2.000000
144.990333,0.000000,15.656000,0.600000,144.370016,-1.661423,2.000000
145.422222,0.000000,15.440000,0.600000,143.433516,-1.324607,2.000000
145.848111,0.000000,15.224000,0.600000,143.905488,0.301516,2.000000
146.268000,0.000000,15.008000,0.600000,145.047507,-0.834871,2.000000
146.681889,0.000000,14.792000,0.600000,143.723989,0.242013,2.000000
147.089778,0.000000,14.576000,0.600000,145.428318,0.665605,2.000000
147.491667,0.000000,14.360000,0.600000,147.870418,-0.056499,2.000000
147.887556,0.000000,14.144000,0.600000,148.830707,-1.389055,2.000000
148.277444,0.000000,13.928000,0.600000,148.380411,-0.623081,2.000000
148.661333,0.000000,13.712000,0.600000,147.507588,-1.090238,2.000000
149.039222,0.000000,13.496000,0.600000,148.899486,1.939229,2.000000
149.411111,0.000000,13.280000,0.600000,148.235925,-0.223257,2.000000
149.777000,0.000000,13.064000,0.600000,149.903192,-1.042077,2.000000
150.136889,0.000000,12.848000,0.600000,151.044578,-1.554318,2.000000
150.490778,0.000000,12.632000,0.600000,148.893375,-0.016747,2.000000
150.838667,0.000000,12.416000,0.600000,146.753067,-2.689887,2.000000
151.180556,0.000000,12.200000,0.600000,149.533014,-1.210957,2.000000
151.516444,0.000000,11.984000,0.600000,151.546583,-0.469045,2.000000
151.846333,0.000000,11.768000,0.600000,150.307816,-0.822757,2.000000
152.170222,0.000000,11.552000,0.600000,149.429240,-3.674751,2.000000
152.488111,0.000000,11.336000,0.600000,152.117787,-1.306749,2.000000
152.800000,0.000000,11.120000,0.600000,153.570756,0.462229,2.000000
153.105889,0.000000,10.904000,0.600000,152.914900,-2.206137,2.000000
153.405778,0.000000,10.688000,0.600000,155.140943,-1.594204,2.000000
153.699667,0.000000,10.472000,0.600000,155.039996,-1.249893,2.000000
153.987556,0.000000,10.256000,0.600000,151.919006,-1.430095,2.000000
154.269444,0.000000,10.040000,0.600000,152.051362,-0.862934,2.000000
154.545333,0.000000,9.824000,0.600000,152.854810,-0.470961,2.000000
154.815222,0.000000,9.608000,0.600000,153.745591,-1.166645,2.000000
155.079111,0.000000,9.392000,0.600000,155.859821,1.971780,2.000000
155.337000,0.000000,9.176000,0.600000,154.187926,3.059977,2.000000
155.588889,0.000000,8.960000,0.600000,153.910199,0.928136,2.000000
155.834778,0.000000,8.744000,0.600000,154.768117,0.446584,2.000000
156.074667,0.000000,8.528000,0.600000,156.904116,0.205069,2.000000
156.308556,0.000000,8.312000,0.600000,155.558548,0.763599,2.000000
156.536444,0.000000,8.096000,0.600000,156.499940,-0.792937,2.000000
156.758333,0.000000,7.880000,0.600000,153.631380,-2.578528,2.000000
156.974222,0.000000,7.664000,0.600000,158.234114,-1.414557,2.000000
157.184111,0.000000,7.448000,0.600000,153.983357,-1.265761,2.000000
157.388000,0.000000,7.232000,0.600000,157.639265,-1.958120,2.000000
157.585889,0.000000,7.016000,0.600000,157.200691,-1.945873,2.000000
157.777778,0.000000,6.800000,0.600000,158.472019,-1.441304,2.000000
157.963667,0.000000,6.584000,0.600000,156.719864,-0.189788,2.000000
158.143556,0.000000,6.368000,0.600000,157.404551,-1.615053,2.000000
158.317444,0.000000,6.152000,0.600000,156.823675,-2.389883,2.000000
158.485333,0.000000,5.936000,0.600000,158.605430,-1.353638,2.000000
158.647222,0.000000,5.720000,0.600000,159.714854,0.416304,2.000000
158.803111,0.000000,5.504000,0.600000,158.525981,2.429624,2.000000
158.953000,0.000000,5.288000,0.600000,155.397342,-1.109687,2.000000
159.096889,0.000000,5.072000,0.600000,156.747120,-0.817485,2.000000
159.234778,0.000000,4.856000,0.600000,158.885530,-1.382045,2.000000
159.366667,0.000000,4.640000,0.600000,157.906650,-0.026738,2.000000
159.492556,0.000000,4.424000,0.600000,155.994031,2.053933,2.000000
159.612444,0.000000,4.208000,0.600000,161.097328,0.257676,2.000000
159.726333,0.000000,3.992000,0.600000,158.639569,-2.617781,2.000000
159.834222,0.000000,3.776000,0.600000,161.429859,1.413691,2.000000
159.936111,0.000000,3.560000,0.600000,160.620810,1.104325,2.000000
160.032000,0.000000,3.344000,0.600000,161.637720,-1.561755,2.000000
160.121889,0.000000,3.128000,0.600000,157.958686,1.099358,2.000000
160.205778,0.000000,2.912000,0.600000,159.634718,-1.575137,2.000000
160.283667,0.000000,2.696000,0.600000,160.940078,-0.751460,2.000000
160.355556,0.000000,2.480000,0.600000,160.403296,-0.696291,2.000000
160.421444,0.000000,2.264000,0.600000,159.675872,1.342200,2.000000
160.481333,0.000000,2.048000,0.600000,160.904236,2.261156,2.000000
160.535222,0.000000,1.832000,0.600000,160.194205,-0.669080,2.000000
160.583111,0.000000,1.616000,0.600000,160.905667,-1.451005,2.000000
160.625000,0.000000,1.400000,0.600000,159.147358,-0.698328,2.000000
160.660889,0.000000,1.184000,0.600000,159.675432,-0.964003,2.000000
160.690778,0.000000,0.968000,0.600000,159.988009,-1.784615,2.000000
160.714667,0.000000,0.752000,0.600000,157.379617,-2.836843,2.000000
160.732556,0.000000,0.536000,0.600000,159.759936,0.562109,2.000000
160.744444,0.000000,0.320000,0.600000,160.684814,0.955534,2.000000
160.750333,0.000000,0.104000,0.600000,159.963246,-0.329072,2.000000
160.750222,0.000000,-0.112000,0.600000,160.013712,0.797810,2.000000
160.747111,0.000000,-0.112000,-0.000000,153.939187,3.964687,2.000000
160.744000,0.000000,-0.112000,-0.000000,158.553897,-1.439914,3.800000
160.740889,0.000000,-0.112000,-0.000000,151.780254,-6.408228,5.600000
160.737778,0.000000,-0.112000,-0.000000,160.517151,-0.807810,7.400000
160.734667,0.000000,-0.112000,-0.000000,154.468916,6.558795,9.200000
160.731556,0.000000,-0.112000,-0.000000,160.365625,-9.554411,11.000000
160.728444,0.000000,-0.112000,-0.000000,157.566137,-8.910589,12.800000
160.725333,0.000000,-0.112000,-0.000000,151.115086,3.564543,14.600000
160.722222,0.000000,-0.112000,-0.000000,161.134190,-9.437793,16.400000
160.719111,0.000000,-0.112000,-0.000000,150.784329,-1.680695,18.200000
160.716000,0.000000,-0.112000,-0.000000,157.719823,8.141018,20.000000
160.712889,0.000000,-0.112000,-0.000000,155.878027,-1.789214,20.000000
160.709778,0.000000,-0.112000,-0.000000,159.605707,-3.908824,20.000000
160.706667,0.000000,-0.112000,-0.000000,163.132433,-0.718326,20.000000
160.703556,0.000000,-0.112000,-0.000000,154.861768,-5.233167,20.000000
160.700444,0.000000,-0.112000,-0.000000,158.030501,-6.914814,20.000000
160.697333,0.000000,-0.112000,-0.000000,149.203296,-3.768668,20.000000
160.694222,0.000000,-0.112000,-0.000000,151.523347,0.959483,20.000000
160.691111,0.000000,-0.112000,-0.000000,162.878058,-2.628509,20.000000
160.688000,0.000000,-0.112000,-0.000000,156.139737,-8.744241,20.000000
160.684889,0.000000,-0.112000,-0.000000,149.381162,-1.432026,20.000000
160.681778,0.000000,-0.112000,-0.000000,160.212261,-4.086555,20.000000
160.678667,0.000000,-0.112000,-0.000000,164.481152,-4.785510,20.000000
160.675556,0.000000,-0.112000,-0.000000,159.480666,-3.013126,20.000000
160.672444,0.000000,-0.112000,-0.000000,156.492661,-3.245719,20.000000
160.669333,0.000000,-0.112000,-0.000000,160.683473,-0.157981,20.000000
160.666222,0.000000,-0.112000,-0.000000,160.181565,-2.236723,20.000000
160.663111,0.000000,-0.112000,-0.000000,156.137310,10.550885,20.000000
160.660000,0.000000,-0.112000,-0.000000,157.996962,-4.072272,20.000000
160.656889,0.000000,-0.112000,-0.000000,157.449795,-3.395999,20.000000
160.653778,0.000000,-0.112000,-0.000000,152.329529,-3.214620,20.000000
160.650667,0.000000,-0.112000,-0.000000,157.258719,-5.423620,20.000000
160.647556,0.000000,-0.112000,-0.000000,158.163372,-5.777966,20.000000
160.644444,0.000000,-0.112000,-0.000000,167.522572,0.634418,20.000000
160.641333,0.000000,-0.112000,-0.000000,156.977864,3.819133,20.000000
160.638222,0.000000,-0.112000,-0.000000,157.885263,-1.955308,20.000000
160.635111,0.000000,-0.112000,-0.000000,166.203153,5.082079,20.000000
160.632000,0.000000,-0.112000,-0.000000,163.335112,-7.053547,20.000000
160.628889,0.000000,-0.112000,-0.000000,157.481373,-2.182021,20.000000
160.625778,0.000000,-0.112000,-0.000000,165.976768,-11.796934,20.000000
160.622667,0.000000,-0.112000,-0.000000,164.189282,5.040759,20.000000
160.619556,0.000000,-0.112000,-0.000000,162.617153,0.295800,20.000000
160.616444,0.000000,-0.112000,-0.000000,156.668540,2.176282,20.000000
160.613333,0.000000,-0.112000,-0.000000,160.450501,-7.361202,20.000000
160.610222,0.000000,-0.112000,-0.000000,154.356227,4.582564,20.000000
160.607111,0.000000,-0.112000,-0.000000,159.533418,-1.383022,20.000000
160.604000,0.000000,-0.112000,-0.000000,153.679374,-0.422524,20.000000
160.600889,0.000000,-0.112000,-0.000000,154.307920,-4.986731,20.000000
160.597778,0.000000,-0.112000,-0.000000,157.654545,-3.601785,20.000000
160.594667,0.000000,-0.112000,-0.000000,156.193040,-7.508164,20.000000
160.591556,0.000000,-0.112000,-0.000000,151.745406,-3.516657,20.000000
160.588444,0.000000,-0.112000,-0.000000,155.261846,-3.458104,20.000000
160.585333,0.000000,-0.112000,-0.000000,161.723705,-1.653470,20.000000
160.582222,0.000000,-0.112000,-0.000000,159.978142,-5.324815,20.000000
160.579111,0.000000,-0.112000,-0.000000,161.520277,-3.568603,20.000000
160.576000,0.000000,-0.112000,-0.000000,156.170178,-3.813824,20.000000
160.572889,0.000000,-0.112000,-0.000000,156.785090,-1.237964,20.000000
160.569778,0.000000,-0.112000,-0.000000,159.585769,2.823719,20.000000
160.566667,0.000000,-0.112000,-0.000000,147.463452,-2.208549,20.000000
160.563556,0.000000,-0.112000,-0.000000,169.535074,-4.805398,20.000000
160.560444,0.000000,-0.112000,-0.000000,150.453984,1.980867,20.000000
160.557333,0.000000,-0.112000,-0.000000,151.402444,2.838681,20.000000
160.554222,0.000000,-0.112000,-0.000000,164.837027,1.938198,20.000000
160.551111,0.000000,-0.112000,-0.000000,159.543551,0.017228,20.000000
160.548000,0.000000,-0.112000,-0.000000,162.595254,-1.922364,20.000000
160.544889,0.000000,-0.112000,-0.000000,155.940776,-6.231957,20.000000
160.541778,0.000000,-0.112000,-0.000000,160.016113,2.704752,20.000000
160.538667,0.000000,-0.112000,-0.000000,150.974007,-7.215032,20.000000
160.535556,0.000000,-0.112000,-0.000000,154.108787,1.234079,20.000000
160.532444,0.000000,-0.112000,-0.000000,158.706842,-6.173527,20.000000
160.529333,0.000000,-0.112000,-0.000000,153.250472,-3.374599,20.000000
160.526222,0.000000,-0.112000,-0.000000,165.988320,0.713646,20.000000
160.523111,0.000000,-0.112000,-0.000000,157.105286,-6.415249,20.000000
160.520000,0.000000,-0.112000,-0.000000,161.460517,-2.554554,20.000000
160.516889,0.000000,-0.112000,-0.000000,152.340932,0.665510,20.000000
160.513778,0.000000,-0.112000,-0.000000,154.191231,-8.587865,20.000000
160.510667,0.000000,-0.112000,-0.000000,166.254196,-8.066876,20.000000
160.507556,0.000000,-0.112000,-0.000000,163.482476,-2.614025,20.000000
160.504444,0.000000,-0.112000,-0.000000,154.009038,-2.405200,20.000000
160.501333,0.000000,-0.112000,-0.000000,160.768782,-0.539109,20.000000
160.498222,0.000000,-0.112000,-0.000000,161.950203,-0.138895,20.000000
160.495111,0.000000,-0.112000,-0.000000,153.439314,-5.346201,20.000000
160.492000,0.000000,-0.112000,-0.000000,152.001241,-2.619960,20.000000
160.488889,0.000000,-0.112000,-0.000000,154.351470,-1.210970,20.000000
160.485778,0.000000,-0.112000,-0.000000,152.244455,-7.834644,20.000000
160.482667,0.000000,-0.112000,-0.000000,154.209500,3.015135,20.000000
160.479556,0.000000,-0.112000,-0.000000,152.287131,0.930979,20.000000
160.476444,0.000000,-0.112000,-0.000000,155.601006,2.242102,20.000000
160.473333,0.000000,-0.112000,-0.000000,151.623697,-4.012080,20.000000
160.470222,0.000000,-0.112000,-0.000000,155.113423,-3.865168,20.000000
160.467111,0.000000,-0.112000,-0.000000,159.367739,1.703668,20.000000
160.464000,0.000000,-0.112000,-0.000000,156.169595,-5.486395,20.000000
160.460889,0.000000,-0.112000,-0.000000,165.504571,-5.889646,20.000000
160.457778,0.000000,-0.112000,-0.000000,165.437110,-0.324772,20.000000
160.454667,0.000000,-0.112000,-0.000000,162.130815,2.237521,20.000000
160.451556,0.000000,-0.112000,-0.000000,166.356627,8.072502,20.000000
160.448444,0.000000,-0.112000,-0.000000,159.401280,3.373621,20.000000
160.445333,0.000000,-0.112000,-0.000000,162.885427,-7.453633,20.000000
160.442222,0.000000,-0.112000,-0.000000,162.247703,1.888502,20.000000
160.439111,0.000000,-0.112000,-0.000000,159.516936,-3.503074,20.000000
160.436000,0.000000,-0.112000,-0.000000,149.994162,-1.785244,20.000000
160.432889,0.000000,-0.112000,-0.000000,160.334629,-4.055129,20.000000
160.429778,0.000000,-0.112000,-0.000000,165.015993,-7.175598,20.000000
160.426667,0.000000,-0.112000,-0.000000,161.177433,-8.825013,20.000000
160.423556,0.000000,-0.112000,-0.000000,162.060224,-6.688392,20.000000
160.420444,0.000000,-0.112000,-0.000000,153.222243,2.062969,20.000000
160.417333,0.000000,-0.112000,-0.000000,159.344224,-3.372796,20.000000
160.414222,0.000000,-0.112000,-0.000000,152.417885,0.879001,20.000000
160.411111,0.000000,-0.112000,-0.000000,159.042767,-0.713959,20.000000
160.408000,0.000000,-0.112000,-0.000000,161.678876,3.700896,20.000000
160.404889,0.000000,-0.112000,-0.000000,157.764339,-1.551730,20.000000
160.401778,0.000000,-0.112000,-0.000000,159.224730,1.025284,20.000000
160.398667,0.000000,-0.112000,-0.000000,161.501412,-3.727799,20.000000
160.395556,0.000000,-0.112000,-0.000000,144.292656,0.108996,20.000000
160.392444,0.000000,-0.112000,-0.000000,161.281350,3.970657,20.000000
160.389333,0.000000,-0.112000,-0.000000,160.266214,-11.049520,20.000000
160.386222,0.000000,-0.112000,-0.000000,158.161918,0.692521,20.000000
160.383111,0.000000,-0.112000,-0.000000,156.758055,3.627141,20.000000
160.380000,0.000000,-0.112000,-0.000000,169.699826,7.956660,20.000000
160.376889,0.000000,-0.112000,-0.000000,156.102801,-0.949978,20.000000
160.373778,0.000000,-0.112000,-0.000000,155.123570,-2.529135,20.000000
160.370667,0.000000,-0.112000,-0.000000,159.755410,-4.489862,20.000000
160.367556,0.000000,-0.112000,-0.000000,156.146115,4.230910,20.000000
160.364444,0.000000,-0.112000,-0.000000,160.878572,3.539549,20.000000
160.361333,0.000000,-0.112000,-0.000000,159.094193,5.558177,20.000000
160.358222,0.000000,-0.112000,-0.000000,158.159372,-6.341219,20.000000
160.355111,0.000000,-0.112000,-0.000000,158.741121,-2.055252,20.000000
160.352000,0.000000,-0.112000,-0.000000,157.348698,-2.222149,20.000000
160.348889,0.000000,-0.112000,-0.000000,155.952742,-9.671683,20.000000
160.345778,0.000000,-0.112000,-0.000000,158.953069,-0.151144,20.000000
160.342667,0.000000,-0.112000,-0.000000,161.847960,-6.362092,20.000000
160.339556,0.000000,-0.112000,-0.000000,154.419038,-5.912528,20.000000
160.336444,0.000000,-0.112000,-0.000000,154.986917,-8.361297,20.000000
160.333333,0.000000,-0.112000,-0.000000,152.694393,-3.065550,20.000000
160.330222,0.000000,-0.112000,-0.000000,151.814863,2.735730,20.000000
160.327111,0.000000,-0.112000,-0.000000,164.779538,-3.911589,20.000000
160.324000,0.000000,-0.112000,-0.000000,158.187372,-0.500815,20.000000
160.320889,0.000000,-0.112000,-0.000000,158.211886,-10.340756,20.000000
160.317778,0.000000,-0.112000,-0.000000,148.358499,-8.642926,20.000000
160.314667,0.000000,-0.112000,-0.000000,158.905403,3.235162,20.000000
160.311556,0.000000,-0.112000,-0.000000,158.911370,0.443722,20.000000
160.308444,0.000000,-0.112000,-0.000000,150.760307,-9.541093,20.000000
160.305333,0.000000,-0.112000,-0.000000,157.024525,2.890576,20.000000
160.302222,0.000000,-0.112000,-0.000000,162.244907,-3.384288,20.000000
160.299111,0.000000,-0.112000,-0.000000,157.200744,-2.815286,20.000000
160.296000,0.000000,-0.112000,-0.000000,156.654586,-2.802270,20.000000
160.292889,0.000000,-0.112000,-0.000000,157.221244,-3.214784,20.000000
160.289778,0.000000,-0.112000,-0.000000,163.605283,5.129950,20.000000
160.286667,0.000000,-0.112000,-0.000000,155.439305,-0.934884,20.000000
160.283556,0.000000,-0.112000,-0.000000,163.275114,-3.969315,20.000000
160.280444,0.000000,-0.112000,-0.000000,148.478966,-12.107641,20.000000
160.277333,0.000000,-0.112000,-0.000000,154.110418,0.239729,20.000000
160.274222,0.000000,-0.112000,-0.000000,156.929787,-1.207966,20.000000
160.271111,0.000000,-0.112000,-0.000000,161.082589,-1.848479,20.000000
160.268000,0.000000,-0.112000,-0.000000,153.644451,-3.559429,20.000000
160.264889,0.000000,-0.112000,-0.000000,150.638025,1.371018,20.000000
160.261778,0.000000,-0.112000,-0.000000,153.520482,-3.556929,20.000000
160.258667,0.000000,-0.112000,-0.000000,152.725724,3.811606,20.000000
160.255556,0.000000,-0.112000,-0.000000,157.470888,-6.728003,20.000000
160.252444,0.000000,-0.112000,-0.000000,161.027998,0.553248,20.000000
160.249333,0.000000,-0.112000,-0.000000,155.952379,-1.084556,20.000000
160.246222,0.000000,-0.112000,-0.000000,155.701810,-3.890919,20.000000
160.243111,0.000000,-0.112000,-0.000000,157.353172,-0.594262,20.000000
160.240000,0.000000,-0.112000,-0.000000,154.509978,-6.059425,20.000000
160.236889,0.000000,-0.112000,-0.000000,160.899438,-0.421450,20.000000
160.233778,0.000000,-0.112000,-0.000000,153.333510,6.127462,20.000000
160.230667,0.000000,-0.112000,-0.000000,160.339555,1.912458,20.000000
160.227556,0.000000,-0.112000,-0.000000,150.607102,1.538838,20.000000
160.224444,0.000000,-0.112000,-0.000000,161.727751,-3.638957,20.000000
160.221333,0.000000,-0.112000,-0.000000,154.679800,-4.763321,20.000000
160.218222,0.000000,-0.112000,-0.000000,155.933772,-12.923926,20.000000
160.215111,0.000000,-0.112000,-0.000000,153.287110,-0.693667,20.000000
160.212000,0.000000,-0.112000,-0.000000,158.284840,4.861803,20.000000
160.208889,0.000000,-0.112000,-0.000000,157.469890,-2.236469,20.000000
160.205778,0.000000,-0.112000,-0.000000,157.457255,-0.147957,20.000000
160.202667,0.000000,-0.112000,-0.000000,163.929366,-4.238299,20.000000
160.199556,0.000000,-0.112000,-0.000000,159.209341,-8.533270,20.000000
160.196444,0.000000,-0.112000,-0.000000,159.115252,-2.664362,20.000000
160.193333,0.000000,-0.112000,-0.000000,158.531118,-8.393304,20.000000
160.190222,0.000000,-0.112000,-0.000000,155.751454,2.044510,20.000000
160.187111,0.000000,-0.112000,-0.000000,157.080854,-10.590295,20.000000
160.184000,0.000000,-0.112000,-0.000000,160.714563,-8.590918,20.000000
160.180889,0.000000,-0.112000,-0.000000,157.748055,-14.125645,20.000000
160.177778,0.000000,-0.112000,-0.000000,161.911156,-10.620768,20.000000
160.174667,0.000000,-0.112000,-0.000000,151.878930,-0.899066,20.000000
160.171556,0.000000,-0.112000,-0.000000,159.259163,3.057717,20.000000
160.168444,0.000000,-0.112000,-0.000000,155.652175,0.989412,20.000000
160.165333,0.000000,-0.112000,-0.000000,159.199864,-1.924946,20.000000
160.162222,0.000000,-0.112000,-0.000000,152.504539,-6.769409,20.000000
160.159111,0.000000,-0.112000,-0.000000,158.002566,-2.284014,20.000000
160.156000,0.000000,-0.112000,-0.000000,165.185287,-6.164079,20.000000
160.152889,0.000000,-0.112000,-0.000000,156.292075,-3.977990,20.000000
160.149778,0.000000,-0.112000,-0.000000,158.053787,-3.627604,20.000000
160.146667,0.000000,-0.112000,-0.000000,158.757248,-2.414418,20.000000
160.143556,0.000000,-0.112000,-0.000000,156.495220,-1.545745,20.000000
160.140444,0.000000,-0.112000,-0.000000,156.040626,-3.237291,20.000000
160.137333,0.000000,-0.112000,-0.000000,161.068014,-5.798093,20.000000
160.134222,0.000000,-0.112000,-0.000000,162.871616,-8.298478,20.000000
160.131111,0.000000,-0.112000,-0.000000,161.202436,-3.927682,20.000000
160.128000,0.000000,-0.112000,-0.000000,158.223971,-1.119324,20.000000
160.144889,0.000000,1.328000,-4.000000,158.621660,-0.849079,20.000000
160.201778,0.000000,2.768000,-4.000000,160.383857,1.010771,18.200000
160.298667,0.000000,4.208000,-4.000000,158.487010,-1.314503,16.400000
160.435556,0.000000,5.648000,-4.000000,160.050276,-2.734667,14.600000
160.612444,0.000000,7.088000,-4.000000,159.986624,-2.990128,12.800000
160.829333,0.000000,8.528000,-4.000000,160.525801,-2.195015,11.000000
161.086222,0.000000,9.968000,-4.000000,159.579002,-2.438460,9.200000
161.383111,0.000000,11.408000,-4.000000,160.974343,0.409747,7.400000
161.720000,0.000000,12.848000,-4.000000,159.517645,0.605493,5.600000
162.096889,0.000000,14.288000,-4.000000,159.541983,-0.783445,3.800000
162.513778,0.000000,15.728000,-4.000000,161.684973,-2.321712,2.000000
162.970667,0.000000,17.168000,-4.000000,162.799336,0.005536,2.000000
163.467556,0.000000,18.608000,-4.000000,161.877896,-0.863496,2.000000
164.004444,0.000000,20.048000,-4.000000,162.065665,-0.640812,2.000000
164.581333,0.000000,21.488000,-4.000000,163.266541,-2.460141,2.000000
165.198222,0.000000,22.928000,-4.000000,163.437358,3.925891,2.000000
165.855111,0.000000,24.368000,-4.000000,163.899647,-1.406160,2.000000
166.552000,0.000000,25.808000,-4.000000,170.044749,1.748965,2.000000
167.288889,0.000000,27.248000,-4.000000,169.858124,-2.148422,2.000000
168.065778,0.000000,28.688000,-4.000000,165.223064,1.151523,2.000000
168.882667,0.000000,30.128000,-4.000000,168.051382,0.340727,2.000000
169.739556,0.000000,31.568000,-4.000000,169.017064,-0.551093,2.000000
170.636444,0.000000,33.008000,-4.000000,170.040434,-1.890274,2.000000
171.573333,0.000000,34.448000,-4.000000,169.499987,-0.151914,2.000000
172.550222,0.000000,35.888000,-4.000000,175.582317,0.447708,2.000000
173.567111,0.000000,37.328000,-4.000000,171.663895,-4.593989,2.000000
174.624000,0.000000,38.768000,-4.000000,173.541377,-3.472724,2.000000
175.720889,0.000000,40.208000,-4.000000,174.849302,-1.544809,2.000000
176.857778,0.000000,41.648000,-4.000000,175.678466,-1.037055,2.000000
178.034667,0.000000,43.088000,-4.000000,175.481322,-2.189599,2.000000
179.251556,0.000000,44.528000,-4.000000,179.167407,-1.448543,2.000000
180.508444,0.000000,45.968000,-4.000000,179.948646,-0.547003,2.000000
181.805333,0.000000,47.408000,-4.000000,180.903242,-1.051325,2.000000
183.142222,0.000000,48.848000,-4.000000,182.118291,1.353569,2.000000
184.519111,0.000000,50.288000,-4.000000,182.027933,0.689513,2.000000
185.916000,0.000000,50.288000,-0.000000,184.873163,-0.173177,2.000000
187.312889,0.000000,50.288000,-0.000000,185.004473,0.371354,2.000000
188.709778,0.000000,50.288000,-0.000000,187.730700,-0.729462,2.000000
190.106667,0.000000,50.288000,-0.000000,189.603887,-1.811385,2.000000
191.503556,0.000000,50.288000,-0.000000,190.560688,-2.125264,2.000000
192.900444,0.000000,50.288000,-0.000000,194.471725,-2.035620,2.000000
194.297333,0.000000,50.288000,-0.000000,192.408290,0.045604,2.000000
195.694222,0.000000,50.288000,-0.000000,193.636910,-0.446685,2.000000
197.091111,0.000000,50.288000,-0.000000,196.228237,0.446298,2.000000
198.488000,0.000000,50.288000,-0.000000,196.601810,-1.318929,2.000000
199.884889,0.000000,50.288000,-0.000000,198.037159,-2.083780,2.000000
201.281778,0.000000,50.288000,-0.000000,198.649556,-0.469715,2.000000
202.678667,0.000000,50.288000,-0.000000,201.034153,-0.188611,2.000000
204.075556,0.000000,50.288000,-0.000000,202.926886,-3.407706,2.000000
205.472444,0.000000,50.288000,-0.000000,203.773578,-0.013259,2.000000
206.869333,0.000000,50.288000,-0.000000,203.693984,-1.779883,2.000000
208.266222,0.000000,50.288000,-0.000000,207.140860,0.511080,2.000000
209.663111,0.000000,50.288000,-0.000000,208.180615,0.749697,2.000000
211.060000,0.000000,50.288000,-0.000000,209.452135,-0.464418,2.000000
212.456889,0.000000,50.288000,-0.000000,213.388551,-1.294704,2.000000
213.853778,0.000000,50.288000,-0.000000,214.439202,-1.458435,2.000000
215.250667,0.000000,50.288000,-0.000000,215.432285,-0.595405,2.000000
216.647556,0.000000,50.288000,-0.000000,213.600360,-1.489994,2.000000
218.044444,0.000000,50.288000,-0.000000,216.438357,-0.607814,2.000000
219.441333,0.000000,50.288000,-0.000000,220.151235,-1.414757,2.000000
220.838222,0.000000,50.288000,-0.000000,219.217046,0.038929,2.000000
222.235111,0.000000,50.288000,-0.000000,222.193140,0.840617,2.000000
223.632000,0.000000,50.288000,-0.000000,225.242967,1.472480,2.000000
225.028889,0.000000,50.288000,-0.000000,224.742511,-0.068293,2.000000
226.425778,0.000000,50.288000,-0.000000,224.656612,-0.554038,2.000000
227.822667,0.000000,50.288000,-0.000000,225.867370,1.953661,2.000000
229.219556,0.000000,50.288000,-0.000000,229.675347,-1.071384,2.000000
230.616444,0.000000,50.288000,-0.000000,230.358137,-1.169687,2.000000
232.013333,0.000000,50.288000,-0.000000,233.191860,1.870474,2.000000
233.410222,0.000000,50.288000,-0.000000,233.587456,0.209755,2.000000
234.807111,0.000000,50.288000,-0.000000,234.069582,-0.736482,2.000000
236.204000,0.000000,50.288000,-0.000000,238.333416,0.262538,2.000000
237.600889,0.000000,50.288000,-0.000000,234.358402,-0.294618,2.000000
238.997778,0.000000,50.288000,-0.000000,241.770191,0.539062,2.000000
240.394667,0.000000,50.288000,-0.000000,239.662345,-1.153017,2.000000
241.791556,0.000000,50.288000,-0.000000,241.444018,-1.577915,2.000000
243.188444,0.000000,50.288000,-0.000000,243.391148,-0.718346,2.000000
244.585333,0.000000,50.288000,-0.000000,245.740918,-2.086254,2.000000
245.982222,0.000000,50.288000,-0.000000,244.735353,-0.261212,2.000000
247.379111,0.000000,50.288000,-0.000000,247.229405,2.328448,2.000000
248.776000,0.000000,50.288000,-0.000000,249.286370,-1.201199,2.000000
250.172889,0.000000,50.288000,-0.000000,250.520802,-0.197558,2.000000
251.569778,0.000000,50.288000,-0.000000,253.911880,-0.021239,2.000000
252.966667,0.000000,50.288000,-0.000000,252.945708,-2.102083,2.000000
254.363556,0.000000,50.288000,-0.000000,252.336921,-0.019988,2.000000
255.760444,0.000000,50.288000,-0.000000,252.842010,-0.415434,2.000000
257.157333,0.000000,50.288000,-0.000000,257.845324,-1.550154,2.000000
258.554222,0.000000,50.288000,-0.000000,256.458249,0.501071,2.000000
259.951111,0.000000,50.288000,-0.000000,257.464750,0.067248,2.000000
261.348000,0.000000,50.288000,-0.000000,258.891098,0.084387,2.000000
262.744889,0.000000,50.288000,-0.000000,260.891307,-2.004980,2.000000
264.141778,0.000000,50.288000,-0.000000,264.202113,-0.868584,2.000000
265.538667,0.000000,50.288000,-0.000000,264.885254,-0.576428,2.000000
266.935556,0.000000,50.288000,-0.000000,264.577718,-1.132031,2.000000
268.332444,0.000000,50.288000,-0.000000,269.756318,-0.968096,2.000000
269.729333,0.000000,50.288000,-0.000000,270.869461,-1.936853,2.000000
271.126222,0.000000,50.288000,-0.000000,270.130349,-2.986262,2.000000
272.523111,0.000000,50.288000,-0.000000,269.550403,-0.160669,2.000000
273.920000,0.000000,50.288000,-0.000000,272.600504,-2.712339,2.000000
275.316889,0.000000,50.288000,-0.000000,275.235902,0.814308,2.000000
276.713778,0.000000,50.288000,-0.000000,273.910177,-1.332844,2.000000
278.110667,0.000000,50.288000,-0.000000,277.071931,-2.686805,2.000000
279.507556,0.000000,50.288000,-0.000000,281.698436,1.279364,2.000000
280.904444,0.000000,50.288000,-0.000000,278.970576,-2.359962,2.000000
282.301333,0.000000,50.288000,-0.000000,279.702009,-0.870851,2.000000
283.698222,0.000000,50.288000,-0.000000,283.395895,-3.022187,2.000000
285.095111,0.000000,50.288000,-0.000000,282.207733,-1.480983,2.000000
286.492000,0.000000,50.288000,-0.000000,284.358193,0.381624,2.000000
287.888889,0.000000,50.288000,-0.000000,285.950283,-0.630724,2.000000
289.285778,0.000000,50.288000,-0.000000,286.175697,-0.406976,2.000000
290.682667,0.000000,50.288000,-0.000000,288.405773,-0.895878,2.000000
292.079556,0.000000,50.288000,-0.000000,292.249401,-0.106337,2.000000
293.476444,0.000000,50.288000,-0.000000,292.996314,-2.244074,2.000000
294.873333,0.000000,50.288000,-0.000000,294.031962,0.121736,2.000000
296.270222,0.000000,50.288000,-0.000000,295.237389,0.156593,2.000000
297.667111,0.000000,50.288000,-0.000000,298.701432,1.588652,2.000000
299.064000,0.000000,50.288000,-0.000000,298.242608,0.596661,2.000000
300.460889,0.000000,50.288000,-0.000000,301.577808,-1.647569,2.000000
301.857778,0.000000,50.288000,-0.000000,300.475844,-3.298759,2.000000
303.254667,0.000000,50.288000,-0.000000,302.713793,0.179715,2.000000
304.651556,0.000000,50.288000,-0.000000,304.971716,-0.451787,2.000000
306.048444,0.000000,50.288000,-0.000000,304.650953,1.839738,2.000000
307.445333,0.000000,50.288000,-0.000000,306.170861,0.783802,2.000000
308.842222,0.000000,50.288000,-0.000000,307.574492,0.691176,2.000000
310.239111,0.000000,50.288000,-0.000000,308.826313,-0.306331,2.000000
311.636000,0.000000,50.288000,-0.000000,312.029285,-2.111476,2.000000
313.032889,0.000000,50.288000,-0.000000,311.988060,-0.244038,2.000000
314.429778,0.000000,50.288000,-0.000000,314.722664,-0.177974,2.000000
315.826667,0.000000,50.288000,-0.000000,312.730090,0.327729,2.000000
317.223556,0.000000,50.288000,-0.000000,315.113409,1.824089,2.000000
318.620444,0.000000,50.288000,-0.000000,318.307930,0.643359,2.000000
320.017333,0.000000,50.288000,-0.000000,318.490527,-0.742271,2.000000
321.414222,0.000000,50.288000,-0.000000,320.004124,0.230213,2.000000
322.811111,0.000000,50.288000,-0.000000,321.752276,-0.834076,2.000000
324.208000,0.000000,50.288000,-0.000000,323.003545,-1.735015,2.000000
325.604889,0.000000,50.288000,-0.000000,319.358678,7.578120,2.000000
327.001778,0.000000,50.288000,-0.000000,329.601964,7.147326,4.300000
328.398667,0.000000,50.288000,-0.000000,323.026121,9.654672,6.600000
329.795556,0.000000,50.288000,-0.000000,325.620027,10.547473,8.900000
331.192444,0.000000,50.288000,-0.000000,328.282569,20.662207,11.200000
332.589333,0.000000,50.288000,-0.000000,327.618239,10.880025,13.500000
333.986222,0.000000,50.288000,-0.000000,325.771252,7.695071,15.800000
335.383111,0.000000,50.288000,-0.000000,335.844594,25.471588,18.100000
336.780000,0.000000,50.288000,-0.000000,334.946612,3.442544,20.400000
338.176889,0.000000,50.288000,-0.000000,337.075750,10.100509,22.700000
339.573778,0.000000,50.288000,-0.000000,341.938577,12.864357,25.000000
340.970667,0.000000,50.288000,-0.000000,342.840673,13.407340,25.000000
342.367556,0.000000,50.288000,-0.000000,336.430788,21.325016,25.000000
343.764444,0.000000,50.288000,-0.000000,335.768501,11.509525,25.000000
345.161333,0.000000,50.288000,-0.000000,342.700686,9.006209,25.000000
346.558222,0.000000,50.288000,-0.000000,348.902863,14.969015,25.000000
347.955111,0.000000,50.288000,-0.000000,347.196828,13.705611,25.000000
349.352000,0.000000,50.288000,-0.000000,345.256410,10.482569,25.000000
350.748889,0.000000,50.288000,-0.000000,347.237741,13.168168,25.000000
352.145778,0.000000,50.288000,-0.000000,345.603974,3.729596,25.000000
353.542667,0.000000,50.288000,-0.000000,355.688146,0.250148,25.000000
354.939556,0.000000,50.288000,-0.000000,354.970908,0.994357,22.700000
356.336444,0.000000,50.288000,-0.000000,357.255588,0.187555,20.400000
357.733333,0.000000,50.288000,-0.000000,359.432532,-2.272088,18.100000
359.130222,0.000000,50.288000,-0.000000,359.206177,-1.512868,15.800000
360.527111,0.000000,50.288000,-0.000000,360.931088,-1.022599,13.500000
361.924000,0.000000,50.288000,-0.000000,358.665883,0.546851,11.200000
363.320889,0.000000,50.288000,-0.000000,364.509903,-0.891138,8.900000
364.717778,0.000000,50.288000,-0.000000,363.975899,-0.886814,6.600000
366.114667,0.000000,50.288000,-0.000000,364.695608,-1.003539,4.300000
367.511556,0.000000,50.288000,-0.000000,367.987482,0.967055,2.000000
368.908444,0.000000,50.288000,-0.000000,366.490908,0.022346,2.000000
370.305333,0.000000,50.288000,-0.000000,367.670418,-1.336118,2.000000
371.702222,0.000000,50.288000,-0.000000,368.937598,-1.031914,2.000000
373.099111,0.000000,50.288000,-0.000000,372.047185,1.131320,2.000000
374.496000,0.000000,50.288000,-0.000000,371.533527,0.557031,2.000000
375.892889,0.000000,50.288000,-0.000000,374.174842,0.868593,2.000000
377.289778,0.000000,50.288000,-0.000000,378.722911,0.605811,2.000000
378.686667,0.000000,50.288000,-0.000000,377.312318,-1.172843,2.000000
380.083556,0.000000,50.288000,-0.000000,379.214160,2.056799,2.000000
381.480444,0.000000,50.288000,-0.000000,380.977782,0.667810,2.000000
382.877333,0.000000,50.288000,-0.000000,381.599343,-0.453632,2.000000
384.274222,0.000000,50.288000,-0.000000,384.346409,0.993162,2.000000
385.671111,0.000000,50.288000,-0.000000,385.844781,-0.169995,2.000000
387.068000,0.000000,50.288000,-0.000000,386.949696,2.133540,2.000000
388.464889,0.000000,50.288000,-0.000000,387.322754,0.664868,2.000000
389.861778,0.000000,50.288000,-0.000000,387.058698,0.448315,2.000000
391.258667,0.000000,50.288000,-0.000000,389.577799,-0.506656,2.000000
392.655556,0.000000,50.288000,-0.000000,391.349637,3.398203,2.000000
394.052444,0.000000,50.288000,-0.000000,393.081269,-1.344946,2.000000
395.449333,0.000000,50.288000,-0.000000,395.242943,-0.341035,2.000000
396.846222,0.000000,50.288000,-0.000000,397.187309,-0.616644,2.000000
398.243111,0.000000,50.288000,-0.000000,395.055063,0.090086,2.000000
399.640000,0.000000,50.288000,-0.000000,397.604022,1.984807,2.000000
401.036889,0.000000,50.288000,-0.000000,401.121417,-1.934390,2.000000
402.433778,0.000000,50.288000,-0.000000,401.731849,-1.659853,2.000000
403.830667,0.000000,50.288000,-0.000000,400.795197,2.005520,2.000000
405.227556,0.000000,50.288000,-0.000000,406.178848,-2.544394,2.000000
406.624444,0.000000,50.288000,-0.000000,408.763750,1.041997,2.000000
408.021333,0.000000,50.288000,-0.000000,407.599991,-0.937843,2.000000
409.418222,0.000000,50.288000,-0.000000,410.244320,-0.530189,2.000000
410.815111,0.000000,50.288000,-0.000000,411.210843,-1.926055,2.000000
412.212000,0.000000,50.288000,-0.000000,410.736134,-1.390494,2.000000
413.608889,0.000000,50.288000,-0.000000,413.404081,-0.424307,2.000000
415.005778,0.000000,50.288000,-0.000000,414.568394,0.253732,2.000000
416.402667,0.000000,50.288000,-0.000000,416.553648,0.678162,2.000000
417.799556,0.000000,50.288000,-0.000000,417.605766,-0.752229,2.000000
419.196444,0.000000,50.288000,-0.000000,417.919620,-1.967016,2.000000
420.593333,0.000000,50.288000,-0.000000,421.658602,0.395091,2.000000
421.990222,0.000000,50.288000,-0.000000,420.504316,-1.491945,2.000000
423.387111,0.000000,50.288000,-0.000000,424.247472,1.128818,2.000000
424.784000,0.000000,50.288000,-0.000000,426.146256,-1.000170,2.000000
426.180889,0.000000,50.288000,-0.000000,426.786444,0.731069,2.000000
427.577778,0.000000,50.288000,-0.000000,428.361680,-0.189696,2.000000
428.974667,0.000000,50.288000,-0.000000,427.635008,0.913046,2.000000
430.371556,0.000000,50.288000,-0.000000,430.631460,-0.035008,2.000000
431.768444,0.000000,50.288000,-0.000000,431.109364,-0.431293,2.000000
433.165333,0.000000,50.288000,-0.000000,429.507115,-2.314688,2.000000
434.562222,0.000000,50.288000,-0.000000,434.810467,1.479188,2.000000
435.959111,0.000000,50.288000,-0.000000,435.111302,-1.303224,2.000000
437.356000,0.000000,50.288000,-0.000000,436.612097,-3.260652,2.000000
438.752889,0.000000,50.288000,-0.000000,435.662528,-0.165049,2.000000
440.149778,0.000000,50.288000,-0.000000,441.099153,0.039425,2.000000
441.546667,0.000000,50.288000,-0.000000,442.033192,0.138164,2.000000
442.943556,0.000000,50.288000,-0.000000,443.315592,0.381769,2.000000
444.340444,0.000000,50.288000,-0.000000,444.842443,-1.714961,2.000000
445.737333,0.000000,50.288000,-0.000000,443.916569,1.576971,2.000000
447.134222,0.000000,50.288000,-0.000000,446.725610,1.150196,2.000000
448.531111,0.000000,50.288000,-0.000000,449.091660,-0.101815,2.000000
449.928000,0.000000,50.288000,-0.000000,448.860702,-4.283120,2.000000
451.324889,0.000000,50.288000,-0.000000,452.534457,0.184962,2.000000
452.721778,0.000000,50.288000,-0.000000,452.155036,-1.948171,2.000000
454.118667,0.000000,50.288000,-0.000000,453.760001,0.535119,2.000000
455.515556,0.000000,50.288000,-0.000000,455.274889,-2.728518,2.000000
456.912444,0.000000,50.288000,-0.000000,455.673531,-2.189245,2.000000
458.309333,0.000000,50.288000,-0.000000,456.153952,-2.140655,2.000000
459.706222,0.000000,50.288000,-0.000000,458.061048,-1.240175,2.000000
461.103111,0.000000,50.288000,-0.000000,458.921677,0.325927,2.000000
462.500000,0.000000,50.288000,-0.000000,459.944921,-2.042542,2.000000
463.896889,0.000000,50.288000,-0.000000,463.021612,-0.967462,2.000000
465.293778,0.000000,50.288000,-0.000000,464.302076,0.511037,2.000000
466.690667,0.000000,50.288000,-0.000000,466.116227,0.462633,2.000000
468.087556,0.000000,50.288000,-0.000000,466.357239,0.717537,2.000000
469.484444,0.000000,50.288000,-0.000000,468.734698,-1.268183,2.000000
470.881333,0.000000,50.288000,-0.000000,470.833340,-1.662413,2.000000
472.278222,0.000000,50.288000,-0.000000,469.265570,-1.674956,2.000000
473.675111,0.000000,50.288000,-0.000000,472.601872,-1.730344,2.000000
475.072000,0.000000,50.288000,-0.000000,474.474378,0.616442,2.000000
476.468889,0.000000,50.288000,-0.000000,475.290809,0.008970,2.000000
477.865778,0.000000,50.288000,-0.000000,475.145333,-0.222171,2.000000
479.262667,0.000000,50.288000,-0.000000,479.285106,-1.357136,2.000000
480.659556,0.000000,50.288000,-0.000000,480.993095,0.044858,2.000000
482.056444,0.000000,50.288000,-0.000000,479.841754,1.557285,2.000000
483.453333,0.000000,50.288000,-0.000000,483.703396,-0.942273,2.000000
484.850222,0.000000,50.288000,-0.000000,482.130038,-0.209450,2.000000
486.247111,0.000000,50.288000,-0.000000,485.315404,-0.801279,2.000000
487.644000,0.000000,50.288000,-0.000000,486.156215,-1.544156,2.000000
489.040889,0.000000,50.288000,-0.000000,487.700864,-1.197793,2.000000
490.437778,0.000000,50.288000,-0.000000,491.186117,0.400485,2.000000
491.834667,0.000000,50.288000,-0.000000,489.076575,-2.957432,2.000000
493.231556,0.000000,50.288000,-0.000000,492.537588,1.525016,2.000000
494.628444,0.000000,50.288000,-0.000000,492.964257,-1.399203,2.000000
496.025333,0.000000,50.288000,-0.000000,495.631719,-1.926161,2.000000
497.422222,0.000000,50.288000,-0.000000,499.149374,-0.757477,2.000000
498.819111,0.000000,50.288000,-0.000000,497.363494,-3.080828,2.000000
500.216000,0.000000,50.288000,-0.000000,497.535642,-1.508363,2.000000
501.612889,0.000000,50.288000,-0.000000,500.582141,0.943227,2.000000
503.009778,0.000000,50.288000,-0.000000,501.969637,0.848074,2.000000
504.406667,0.000000,50.288000,-0.000000,505.555953,1.965750,2.000000
505.803556,0.000000,50.288000,-0.000000,505.539968,0.486164,2.000000
507.200444,0.000000,50.288000,-0.000000,504.539665,-1.282262,2.000000
508.597333,0.000000,50.288000,-0.000000,509.372945,-1.049473,2.000000
509.994222,0.000000,50.288000,-0.000000,508.319724,-2.221180,2.000000
511.391111,0.000000,50.288000,-0.000000,509.719935,-4.027164,2.000000
512.788000,0.000000,50.288000,-0.000000,509.976345,-3.071578,2.000000
514.184889,0.000000,50.288000,-0.000000,510.271753,-1.162747,2.000000
515.581778,0.000000,50.288000,-0.000000,513.440851,-1.484856,2.000000
516.978667,0.000000,50.288000,-0.000000,516.835773,-2.553232,2.000000
518.375556,0.000000,50.288000,-0.000000,516.315083,-1.087443,2.000000
519.772444,0.000000,50.288000,-0.000000,518.666987,-1.189752,2.000000
521.169333,0.000000,50.288000,-0.000000,520.669411,-0.776951,2.000000
522.566222,0.000000,50.288000,-0.000000,521.717351,1.361849,2.000000
523.963111,0.000000,50.288000,-0.000000,522.235164,2.179483,2.000000
525.360000,0.000000,50.288000,-0.000000,525.860532,0.440797,2.000000
526.756889,0.000000,50.288000,-0.000000,524.359665,0.229628,2.000000
528.153778,0.000000,50.288000,-0.000000,528.212642,0.415156,2.000000
529.550667,0.000000,50.288000,-0.000000,528.626835,-1.782480,2.000000
530.947556,0.000000,50.288000,-0.000000,531.003161,0.654768,2.000000
532.344444,0.000000,50.288000,-0.000000,533.744512,0.474543,2.000000
533.741333,0.000000,50.288000,-0.000000,531.353757,-2.739197,2.000000
535.138222,0.000000,50.288000,-0.000000,532.160621,0.898301,2.000000
